Genus	Species	Subspecies	Common name	Country_old	Country	Locality_given	my_locality1	my_locality2	my_locality_sfs	superpop	region	Serial number	Latitude	Longitude	Latitude_2	Longitude_2	Exclude_reason	Tissue	Date	Sex (documented)	Other	Error rates	Sex (estimated)	depth	IBS	heterozygosity	bams_goat_map	bams_impala_map
Aepyceros	melampus	melampus	Impala	Botswana	Botswana	Chobe	Chobe	Chobe	Chobe	Southern common impala	South	1933	-18.7	24.3	-18.7	24.3		skin	94-06-??			0.000769	Male	lo		0.001980366346	/davidData/genis/impala/qc_mapping_collapse/goatRef/bam/1933.bam	/davidData/genis/impala/qc_mapping_collapse/impalaRef/bam/1933.bam
Aepyceros	melampus	melampus	Impala	Botswana	Botswana	Chobe	Chobe	Chobe	Chobe	Southern common impala	South	1960	-18.7	24.3	-18.7	24.3		skin	94-06-??			0.000776	Male	lo		0.002055256089	/davidData/genis/impala/qc_mapping_collapse/goatRef/bam/1960.bam	/davidData/genis/impala/qc_mapping_collapse/impalaRef/bam/1960.bam
Aepyceros	melampus	melampus	Impala	Botswana	Botswana	Chobe	Chobe	Chobe	Chobe	Southern common impala	South	1988	-18.7	24.3	-18.7	24.3		skin	94-06-??			0.000784	Male	lo	potential duplicate (with 1991)	0.001990679512	/davidData/genis/impala/qc_mapping_collapse/goatRef/bam/1988.bam	/davidData/genis/impala/qc_mapping_collapse/impalaRef/bam/1988.bam
Aepyceros	melampus	melampus	Impala	Botswana	Botswana	Chobe	Chobe	Chobe	None	Southern common impala	South	1991	-18.7	24.3	-18.7	24.3	Duplicate (with 1988)	skin	94-06-??			0.000822	Male	lo	potential duplicate (with 1988)	0.002028467657	/davidData/genis/impala/qc_mapping_collapse/goatRef/bam/1991.bam	/davidData/genis/impala/qc_mapping_collapse/impalaRef/bam/1991.bam
Aepyceros	melampus	melampus	Impala	Botswana	Botswana	Chobe	Chobe	Chobe	Chobe	Southern common impala	South	2040	-18.7	24.3	-18.7	24.3		skin	94-06-??			0.000746	Male	lo	potential duplicate (with 2043)	0.002000317546	/davidData/genis/impala/qc_mapping_collapse/goatRef/bam/2040.bam	/davidData/genis/impala/qc_mapping_collapse/impalaRef/bam/2040.bam
Aepyceros	melampus	melampus	Impala	Botswana	Botswana	Chobe	Chobe	Chobe	Chobe	Southern common impala	South	2041	-18.7	24.3	-18.7	24.3		skin	94-06-??			0.000793	Male	hi		0.002104355605	/davidData/genis/impala/qc_mapping_collapse/goatRef/bam/2041.bam	/davidData/genis/impala/qc_mapping_collapse/impalaRef/bam/2041.bam
Aepyceros	melampus	melampus	Impala	Botswana	Botswana	Chobe	Chobe	Chobe	None	Southern common impala	South	2043	-18.7	24.3	-18.7	24.3	Duplicate (with 2040)	skin	94-06-??			0.000788	Male	lo	potential duplicate (with 2040)	0.002090638516	/davidData/genis/impala/qc_mapping_collapse/goatRef/bam/2043.bam	/davidData/genis/impala/qc_mapping_collapse/impalaRef/bam/2043.bam
Aepyceros	melampus	melampus	Impala	Botswana	Botswana	Chobe	Chobe	Chobe	Chobe	Southern common impala	South	7825	-18.7	24.3	-18.7	24.3			95-11-22			0.000799	Male	lo		0.002053432904	/davidData/genis/impala/qc_mapping_collapse/goatRef/bam/7825.bam	/davidData/genis/impala/qc_mapping_collapse/impalaRef/bam/7825.bam
Aepyceros	melampus	melampus	Impala	Botswana	Botswana	Chobe Enclave	Chobe	Chobe	Chobe	Southern common impala	South	7830	-18.7	24.3	-18.7	24.3			95-11-22			0.000785	Male	lo		0.00203685345	/davidData/genis/impala/qc_mapping_collapse/goatRef/bam/7830.bam	/davidData/genis/impala/qc_mapping_collapse/impalaRef/bam/7830.bam
Aepyceros	melampus	melampus	Impala	Botswana	Botswana	NG 29	Moremi	Chobe	Chobe	Southern common impala	South	7695	-19.8	22.8	-19.8	22.8			97-04-17			0.000826	Male	lo		0.001996515271	/davidData/genis/impala/qc_mapping_collapse/goatRef/bam/7695.bam	/davidData/genis/impala/qc_mapping_collapse/impalaRef/bam/7695.bam
Aepyceros	melampus	melampus	Impala	Botswana	Botswana	NG20	Moremi	Chobe	Chobe	Southern common impala	South	7829	-18.9	23.3	-18.9	23.3			95-11-22			0.000843	Male	hi		0.00198053715	/davidData/genis/impala/qc_mapping_collapse/goatRef/bam/7829.bam	/davidData/genis/impala/qc_mapping_collapse/impalaRef/bam/7829.bam
Aepyceros	melampus	melampus	Impala	Botswana	Botswana	NG25	Moremi	Chobe	Chobe	Southern common impala	South	7826	-19.2	22.5	-19.2	22.5			95-11-22			0.000824	Male	lo		0.002060326665	/davidData/genis/impala/qc_mapping_collapse/goatRef/bam/7826.bam	/davidData/genis/impala/qc_mapping_collapse/impalaRef/bam/7826.bam
Aepyceros	melampus	melampus	Impala	Botswana	Botswana	NG25	Moremi	Chobe	Chobe	Southern common impala	South	7827	-19.2	22.5	-19.2	22.5			95-11-22			0.0008	Male	lo		0.001993356004	/davidData/genis/impala/qc_mapping_collapse/goatRef/bam/7827.bam	/davidData/genis/impala/qc_mapping_collapse/impalaRef/bam/7827.bam
Aepyceros	melampus	melampus	Impala	Botswana	Botswana	NG25	Moremi	Chobe	Chobe	Southern common impala	South	7828	-19.2	22.5	-19.2	22.5			95-11-22			0.000865	Male	lo		0.002051000954	/davidData/genis/impala/qc_mapping_collapse/goatRef/bam/7828.bam	/davidData/genis/impala/qc_mapping_collapse/impalaRef/bam/7828.bam
Aepyceros	melampus	melampus	Impala	Kenya	Kenya	Samburu	Samburu	Samburu	Samburu	Eastern common impala	East	33	1.1	37	1.1	37		skin biopsi	92-01-10			0.000763	Female	lo		0.001142056224	/davidData/genis/impala/qc_mapping_collapse/goatRef/bam/33.bam	/davidData/genis/impala/qc_mapping_collapse/impalaRef/bam/33.bam
Aepyceros	melampus	melampus	Impala	Kenya	Kenya	Samburu	Samburu	Samburu	Samburu	Eastern common impala	East	34	1.1	37	1.1	37		skin biopsi	92-01-10			0.00074	Female	lo		0.001171251086	/davidData/genis/impala/qc_mapping_collapse/goatRef/bam/34.bam	/davidData/genis/impala/qc_mapping_collapse/impalaRef/bam/34.bam
Aepyceros	melampus	melampus	Impala	Kenya	Kenya	Samburu	Samburu	Samburu	Samburu	Eastern common impala	East	35	1.1	37	1.1	37		skin biopsi	92-01-10			0.000751	Female	lo		0.001166426162	/davidData/genis/impala/qc_mapping_collapse/goatRef/bam/35.bam	/davidData/genis/impala/qc_mapping_collapse/impalaRef/bam/35.bam
Aepyceros	melampus	melampus	Impala	Kenya	Kenya	Samburu	Samburu	Samburu	Samburu	Eastern common impala	East	36	1.1	37	1.1	37		skin biopsi	92-01-10			0.000805	Female	lo		0.001199303152	/davidData/genis/impala/qc_mapping_collapse/goatRef/bam/36.bam	/davidData/genis/impala/qc_mapping_collapse/impalaRef/bam/36.bam
Aepyceros	melampus	melampus	Impala	Kenya	Kenya	Samburu	Samburu	Samburu	Samburu	Eastern common impala	East	37	1.1	37	1.1	37		skin biopsi	92-01-10			0.000763	Female	lo		0.001161561834	/davidData/genis/impala/qc_mapping_collapse/goatRef/bam/37.bam	/davidData/genis/impala/qc_mapping_collapse/impalaRef/bam/37.bam
Aepyceros	melampus	melampus	Impala	Kenya	Kenya	Samburu	Samburu	Samburu	Samburu	Eastern common impala	East	38	1.1	37	1.1	37		skin biopsi	92-01-10			0.00078	Female	lo		0.001156027614	/davidData/genis/impala/qc_mapping_collapse/goatRef/bam/38.bam	/davidData/genis/impala/qc_mapping_collapse/impalaRef/bam/38.bam
Aepyceros	melampus	melampus	Impala	Kenya	Kenya	Samburu	Samburu	Samburu	Samburu	Eastern common impala	East	39	1.1	37	1.1	37		skin biopsi	92-01-10			0.00075	Female	lo		0.001186984828	/davidData/genis/impala/qc_mapping_collapse/goatRef/bam/39.bam	/davidData/genis/impala/qc_mapping_collapse/impalaRef/bam/39.bam
Aepyceros	melampus	melampus	Impala	Kenya	Kenya	Samburu	Samburu	Samburu	Samburu	Eastern common impala	East	40	1.1	37	1.1	37		skin biopsi	92-01-10			0.000767	Male	lo		0.001167480079	/davidData/genis/impala/qc_mapping_collapse/goatRef/bam/40.bam	/davidData/genis/impala/qc_mapping_collapse/impalaRef/bam/40.bam
Aepyceros	melampus	melampus	Impala	Kenya	Kenya	Samburu	Samburu	Samburu	Samburu	Eastern common impala	East	41	1.1	37	1.1	37		skin biopsi	92-01-10			0.000804	Male	lo		0.001177078111	/davidData/genis/impala/qc_mapping_collapse/goatRef/bam/41.bam	/davidData/genis/impala/qc_mapping_collapse/impalaRef/bam/41.bam
Aepyceros	melampus	melampus	Impala	Kenya	Kenya	Samburu	Samburu	Samburu	Samburu	Eastern common impala	East	42	1.1	37	1.1	37		skin biopsi	92-01-11			0.00085	Male	lo		0.001196441526	/davidData/genis/impala/qc_mapping_collapse/goatRef/bam/42.bam	/davidData/genis/impala/qc_mapping_collapse/impalaRef/bam/42.bam
Aepyceros	melampus	melampus	Impala	Kenya	Kenya	Samburu	Samburu	Samburu	Samburu	Eastern common impala	East	43	1.1	37	1.1	37		skin biopsi	92-01-11			0.000955	Female	lo		0.001266032822	/davidData/genis/impala/qc_mapping_collapse/goatRef/bam/43.bam	/davidData/genis/impala/qc_mapping_collapse/impalaRef/bam/43.bam
Aepyceros	melampus	melampus	Impala	Kenya	Kenya	Samburu	Samburu	Samburu	Samburu	Eastern common impala	East	44	1.1	37	1.1	37		skin biopsi	92-01-10			0.000818	Male	hi		0.001162197716	/davidData/genis/impala/qc_mapping_collapse/goatRef/bam/44.bam	/davidData/genis/impala/qc_mapping_collapse/impalaRef/bam/44.bam
Aepyceros	melampus	melampus	Impala	Kenya	Kenya	Samburu	Samburu	Samburu	Samburu	Eastern common impala	East	45	1.1	37	1.1	37		skin biopsi	92-01-10			0.000827	Male	lo		0.001200211315	/davidData/genis/impala/qc_mapping_collapse/goatRef/bam/45.bam	/davidData/genis/impala/qc_mapping_collapse/impalaRef/bam/45.bam
Aepyceros	melampus	melampus	Impala	Kenya	Kenya	Samburu	Samburu	Samburu	Samburu	Eastern common impala	East	46	1.1	37	1.1	37		skin biopsi	92-01-11			0.000762	Female	lo		0.001150950519	/davidData/genis/impala/qc_mapping_collapse/goatRef/bam/46.bam	/davidData/genis/impala/qc_mapping_collapse/impalaRef/bam/46.bam
Aepyceros	melampus	melampus	Impala	Kenya	Kenya	Tsavo	Tsavo	Tsavo	Tsavo	Eastern common impala	East	51	-3.3	38.8	-2.6	38.5		skin biopsi	92-01-18	M	Aruba	0.000791	Male	lo		0.001353368252	/davidData/genis/impala/qc_mapping_collapse/goatRef/bam/51.bam	/davidData/genis/impala/qc_mapping_collapse/impalaRef/bam/51.bam
Aepyceros	melampus	melampus	Impala	Kenya	Kenya	Tsavo	Tsavo	Tsavo	Tsavo	Eastern common impala	East	52	-2.6	38.5	-2.6	38.5		skin biopsi	92-01-20	F		0.000836	Female	lo		0.001350507599	/davidData/genis/impala/qc_mapping_collapse/goatRef/bam/52.bam	/davidData/genis/impala/qc_mapping_collapse/impalaRef/bam/52.bam
Aepyceros	melampus	melampus	Impala	Kenya	Kenya	Tsavo	Tsavo	Tsavo	Tsavo	Eastern common impala	East	53	-2.6	38.5	-2.6	38.5		skin biopsi	92-01-21	M		0.000901	Male	lo		0.00139124551	/davidData/genis/impala/qc_mapping_collapse/goatRef/bam/53.bam	/davidData/genis/impala/qc_mapping_collapse/impalaRef/bam/53.bam
Aepyceros	melampus	melampus	Impala	Kenya	Kenya	Tsavo	Tsavo	Tsavo	Tsavo	Eastern common impala	East	54	-2.6	38.5	-2.6	38.5		skin biopsi	92-01-21	M		0.000821	Male	hi		0.001374569883	/davidData/genis/impala/qc_mapping_collapse/goatRef/bam/54.bam	/davidData/genis/impala/qc_mapping_collapse/impalaRef/bam/54.bam
Aepyceros	melampus	melampus	Impala	Kenya	Kenya	Tsavo	Tsavo	Tsavo	Tsavo	Eastern common impala	East	55	-2.6	38.5	-2.6	38.5		skin biopsi	92-01-21	F		0.000735	Female	lo		0.001351038473	/davidData/genis/impala/qc_mapping_collapse/goatRef/bam/55.bam	/davidData/genis/impala/qc_mapping_collapse/impalaRef/bam/55.bam
Aepyceros	melampus	melampus	Impala	Kenya	Kenya	Tsavo	Tsavo	Tsavo	Tsavo	Eastern common impala	East	56	-2.9	38.1	-2.6	38.5		skin biopsi	92-01-24	F	Tsavo West	0.000754	Male	lo		0.001315901818	/davidData/genis/impala/qc_mapping_collapse/goatRef/bam/56.bam	/davidData/genis/impala/qc_mapping_collapse/impalaRef/bam/56.bam
Aepyceros	melampus	melampus	Impala	Kenya	Kenya	Tsavo	Tsavo	Tsavo	Tsavo	Eastern common impala	East	57	-2.9	38.1	-2.6	38.5		skin biopsi	92-01-24	M	Tsavo West	0.000844	Male	lo		0.001398618097	/davidData/genis/impala/qc_mapping_collapse/goatRef/bam/57.bam	/davidData/genis/impala/qc_mapping_collapse/impalaRef/bam/57.bam
Aepyceros	melampus	melampus	Impala	Kenya	Kenya	Tsavo	Tsavo	Tsavo	Tsavo	Eastern common impala	East	59	-2.9	38.1	-2.6	38.5		skin biopsi	92-01-23	F	Tsavo West	0.000837	Female	lo		0.001388327738	/davidData/genis/impala/qc_mapping_collapse/goatRef/bam/59.bam	/davidData/genis/impala/qc_mapping_collapse/impalaRef/bam/59.bam
Aepyceros	melampus	melampus	Impala	Kenya	Kenya	Tsavo	Tsavo	Tsavo	Tsavo	Eastern common impala	East	60	-2.9	38.1	-2.6	38.5		skin biopsi	92-11-07	F	Tsavo West	0.000751	Female	lo		0.001347898824	/davidData/genis/impala/qc_mapping_collapse/goatRef/bam/60.bam	/davidData/genis/impala/qc_mapping_collapse/impalaRef/bam/60.bam
Aepyceros	melampus	melampus	Impala	Kenya	Kenya	Tsavo	Tsavo	Tsavo	Tsavo	Eastern common impala	East	61	-2.9	38.1	-2.6	38.5		skin biopsi	92-11-07	M	Tsavo West	0.000821	Male	lo		0.001384450928	/davidData/genis/impala/qc_mapping_collapse/goatRef/bam/61.bam	/davidData/genis/impala/qc_mapping_collapse/impalaRef/bam/61.bam
Aepyceros	melampus	melampus	Impala	Kenya	Kenya	Masai Mara	Masai Mara	Masai Mara	Masai Mara	Eastern common impala	East	1	-1.4	34.9	-1.4	34.9		skin biopsi				0.000817	Female	lo		0.001393429669	/davidData/genis/impala/qc_mapping_collapse/goatRef/bam/1.bam	/davidData/genis/impala/qc_mapping_collapse/impalaRef/bam/1.bam
Aepyceros	melampus	melampus	Impala	Kenya	Kenya	Masai Mara	Masai Mara	Masai Mara	Masai Mara	Eastern common impala	East	2	-1.4	34.9	-1.4	34.9		skin biopsi				0.000785	Male	lo		0.001522231963	/davidData/genis/impala/qc_mapping_collapse/goatRef/bam/2.bam	/davidData/genis/impala/qc_mapping_collapse/impalaRef/bam/2.bam
Aepyceros	melampus	melampus	Impala	Kenya	Kenya	Masai Mara	Masai Mara	Masai Mara	Masai Mara	Eastern common impala	East	3	-1.4	34.9	-1.4	34.9		skin biopsi		F	killed by cheetah	0.000753	Female	hi		0.001430585154	/davidData/genis/impala/qc_mapping_collapse/goatRef/bam/3.bam	/davidData/genis/impala/qc_mapping_collapse/impalaRef/bam/3.bam
Aepyceros	melampus	melampus	Impala	Kenya	Kenya	Masai Mara	Masai Mara	Masai Mara	Masai Mara	Eastern common impala	East	5	-1.4	34.9	-1.4	34.9		skin biopsi	91-07-17			0.000786	Male	lo		0.001373873302	/davidData/genis/impala/qc_mapping_collapse/goatRef/bam/5.bam	/davidData/genis/impala/qc_mapping_collapse/impalaRef/bam/5.bam
Aepyceros	melampus	melampus	Impala	Kenya	Kenya	Masai Mara	Masai Mara	Masai Mara	Masai Mara	Eastern common impala	East	6	-1.4	34.9	-1.4	34.9		skin biopsi	91-07-18			0.00072	Female	lo		0.001374192945	/davidData/genis/impala/qc_mapping_collapse/goatRef/bam/6.bam	/davidData/genis/impala/qc_mapping_collapse/impalaRef/bam/6.bam
Aepyceros	melampus	melampus	Impala	Kenya	Kenya	Masai Mara	Masai Mara	Masai Mara	Masai Mara	Eastern common impala	East	7	-1.4	34.9	-1.4	34.9		skin biopsi	91-07-18			0.000803	Male	lo		0.001394150005	/davidData/genis/impala/qc_mapping_collapse/goatRef/bam/7.bam	/davidData/genis/impala/qc_mapping_collapse/impalaRef/bam/7.bam
Aepyceros	melampus	melampus	Impala	Kenya	Kenya	Masai Mara	Masai Mara	Masai Mara	Masai Mara	Eastern common impala	East	8	-1.4	34.9	-1.4	34.9		skin biopsi	91-07-18	M		0.000782	Male	lo		0.001516424915	/davidData/genis/impala/qc_mapping_collapse/goatRef/bam/8.bam	/davidData/genis/impala/qc_mapping_collapse/impalaRef/bam/8.bam
Aepyceros	melampus	melampus	Impala	Kenya	Kenya	Masai Mara	Masai Mara	Masai Mara	Masai Mara	Eastern common impala	East	9	-1.4	34.9	-1.4	34.9		skin biopsi	91-07-20			0.000803	Male	lo	potential duplicate (with 12)	0.001409881387	/davidData/genis/impala/qc_mapping_collapse/goatRef/bam/9.bam	/davidData/genis/impala/qc_mapping_collapse/impalaRef/bam/9.bam
Aepyceros	melampus	melampus	Impala	Kenya	Kenya	Masai Mara	Masai Mara	Masai Mara	Masai Mara	Eastern common impala	East	10	-1.4	34.9	-1.4	34.9		skin biopsi	91-07-21	F		0.000746	Female	lo		0.001356407461	/davidData/genis/impala/qc_mapping_collapse/goatRef/bam/10.bam	/davidData/genis/impala/qc_mapping_collapse/impalaRef/bam/10.bam
Aepyceros	melampus	melampus	Impala	Kenya	Kenya	Masai Mara	Masai Mara	Masai Mara	Masai Mara	Eastern common impala	East	11	-1.4	34.9	-1.4	34.9		skin biopsi	91-07-23	F		0.000802	Female	lo		0.001383924231	/davidData/genis/impala/qc_mapping_collapse/goatRef/bam/11.bam	/davidData/genis/impala/qc_mapping_collapse/impalaRef/bam/11.bam
Aepyceros	melampus	melampus	Impala	Kenya	Kenya	Masai Mara	Masai Mara	Masai Mara	None	Eastern common impala	East	12	-1.4	34.9	-1.4	34.9	Duplicate (with 9)	skin biopsi	91-07-21	M		0.000843	Male	lo	potential duplicate (with 9)	0.001409008836	/davidData/genis/impala/qc_mapping_collapse/goatRef/bam/12.bam	/davidData/genis/impala/qc_mapping_collapse/impalaRef/bam/12.bam
Aepyceros	melampus	petersi	Blackfaced Impala 	Namibia	Namibia	Etosha (Namutoni)	Etosha	Etosha	Etosha	Black-faced impala	West	2076	-18.8	16.9	-18.8	16.9		earnick	94-05-13			0.000767	Male	hi		0.001726000236	/davidData/genis/impala/qc_mapping_collapse/goatRef/bam/2076.bam	/davidData/genis/impala/qc_mapping_collapse/impalaRef/bam/2076.bam
Aepyceros	melampus	petersi	Blackfaced Impala 	Namibia	Namibia	Etosha (Namutoni)	Etosha	Etosha	Etosha	Black-faced impala	West	2077	-18.8	16.9	-18.8	16.9		earnick	94-05-13			0.000753	Male	lo		0.001829345438	/davidData/genis/impala/qc_mapping_collapse/goatRef/bam/2077.bam	/davidData/genis/impala/qc_mapping_collapse/impalaRef/bam/2077.bam
Aepyceros	melampus	petersi	Blackfaced Impala 	Namibia	Namibia	Etosha (Namutoni)	Etosha	Etosha	Etosha	Black-faced impala	West	2078	-18.8	16.9	-18.8	16.9		earnick	94-05-07			0.000882	Female	lo		0.00201502981	/davidData/genis/impala/qc_mapping_collapse/goatRef/bam/2078.bam	/davidData/genis/impala/qc_mapping_collapse/impalaRef/bam/2078.bam
Aepyceros	melampus	petersi	Blackfaced Impala 	Namibia	Namibia	Etosha (Namutoni)	Etosha	Etosha	Etosha	Black-faced impala	West	2079	-18.8	16.9	-18.8	16.9		earnick	94-05-08			0.000829	Female	lo		0.001815694983	/davidData/genis/impala/qc_mapping_collapse/goatRef/bam/2079.bam	/davidData/genis/impala/qc_mapping_collapse/impalaRef/bam/2079.bam
Aepyceros	melampus	petersi	Blackfaced Impala 	Namibia	Namibia	Etosha (Namutoni)	Etosha	Etosha	Etosha	Black-faced impala	West	2081	-18.8	16.9	-18.8	16.9		earnick	94-05-13			0.000753	Male	lo		0.001832384628	/davidData/genis/impala/qc_mapping_collapse/goatRef/bam/2081.bam	/davidData/genis/impala/qc_mapping_collapse/impalaRef/bam/2081.bam
Aepyceros	melampus	petersi	Blackfaced Impala 	Namibia	Namibia	Etosha (Namutoni)	Etosha	Etosha	Etosha	Black-faced impala	West	2082	-18.8	16.9	-18.8	16.9		earnick	94-05-11			0.000846	Female	lo		0.00183744612	/davidData/genis/impala/qc_mapping_collapse/goatRef/bam/2082.bam	/davidData/genis/impala/qc_mapping_collapse/impalaRef/bam/2082.bam
Aepyceros	melampus	petersi	Blackfaced Impala 	Namibia	Namibia	Etosha (Namutoni)	Etosha	Etosha	Etosha	Black-faced impala	West	2085	-18.8	16.9	-18.8	16.9		earnick	94-05-13			0.000892	Male	lo		0.00191925887	/davidData/genis/impala/qc_mapping_collapse/goatRef/bam/2085.bam	/davidData/genis/impala/qc_mapping_collapse/impalaRef/bam/2085.bam
Aepyceros	melampus	melampus	Impala	Namibia	Namibia	Ovita Farm	Ovita	Ovita	Ovita	Southern common impala	South	2624	-21.6	16.6	-21.6	16.6		fresh	95-02-01			0.000771	Female	lo		0.001929042036	/davidData/genis/impala/qc_mapping_collapse/goatRef/bam/2624.bam	/davidData/genis/impala/qc_mapping_collapse/impalaRef/bam/2624.bam
Aepyceros	melampus	melampus	Impala	Namibia	Namibia	Ovita Farm	Ovita	Ovita	Ovita	Southern common impala	South	2625	-21.6	16.6	-21.6	16.6		fresh	95-02-01			0.000751	Male	lo		0.001858612965	/davidData/genis/impala/qc_mapping_collapse/goatRef/bam/2625.bam	/davidData/genis/impala/qc_mapping_collapse/impalaRef/bam/2625.bam
Aepyceros	melampus	melampus	Impala	Namibia	Namibia	Ovita Farm	Ovita	Ovita	Ovita	Southern common impala	South	2626	-21.6	16.6	-21.6	16.6		dried skin	95-07-23			0.00078	Female	lo		0.001980409479	/davidData/genis/impala/qc_mapping_collapse/goatRef/bam/2626.bam	/davidData/genis/impala/qc_mapping_collapse/impalaRef/bam/2626.bam
Aepyceros	melampus	melampus	Impala	Namibia	Namibia	Ovita Ranch	Ovita	Ovita	Ovita	Southern common impala	South	937	-21.6	16.6	-21.6	16.6		dry skin	94-04-20			0.000713	Male	lo		0.001968553664	/davidData/genis/impala/qc_mapping_collapse/goatRef/bam/937.bam	/davidData/genis/impala/qc_mapping_collapse/impalaRef/bam/937.bam
Aepyceros	melampus	melampus	Impala	Namibia	Namibia	Ovita Ranch	Ovita	Ovita	Ovita	Southern common impala	South	939	-21.6	16.6	-21.6	16.6		dry skin	94-04-20			0.000787	Male	hi		0.001919736531	/davidData/genis/impala/qc_mapping_collapse/goatRef/bam/939.bam	/davidData/genis/impala/qc_mapping_collapse/impalaRef/bam/939.bam
Aepyceros	melampus	melampus	Impala	Namibia	Namibia	Ovita Ranch	Ovita	Ovita	Ovita	Southern common impala	South	942	-21.6	16.6	-21.6	16.6		dry skin	94-04-20			0.000735	Male	lo		0.001935177171	/davidData/genis/impala/qc_mapping_collapse/goatRef/bam/942.bam	/davidData/genis/impala/qc_mapping_collapse/impalaRef/bam/942.bam
Aepyceros	melampus	melampus	Impala	Namibia	Namibia	Ovita Ranch	Ovita	Ovita	Ovita	Southern common impala	South	947	-21.6	16.6	-21.6	16.6		dry skin	94-04-20			0.000774	Male	lo		0.001866227273	/davidData/genis/impala/qc_mapping_collapse/goatRef/bam/947.bam	/davidData/genis/impala/qc_mapping_collapse/impalaRef/bam/947.bam
Aepyceros	melampus	melampus	Impala	Namibia	Namibia	Ovita Ranch	Ovita	Ovita	Ovita	Southern common impala	South	958	-21.6	16.6	-21.6	16.6		dry skin	94-04-20			0.000806	Male	lo		0.001957163537	/davidData/genis/impala/qc_mapping_collapse/goatRef/bam/958.bam	/davidData/genis/impala/qc_mapping_collapse/impalaRef/bam/958.bam
Aepyceros	melampus	melampus	Impala	Namibia	Namibia	Ovita Ranch	Ovita	Ovita	Ovita	Southern common impala	South	959	-21.6	16.6	-21.6	16.6		dry skin	94-04-20			0.000867	Male	lo		0.002039066726	/davidData/genis/impala/qc_mapping_collapse/goatRef/bam/959.bam	/davidData/genis/impala/qc_mapping_collapse/impalaRef/bam/959.bam
Aepyceros	melampus	melampus	Impala	Namibia	Namibia	Ovita Ranch	Ovita	Ovita	Ovita	Southern common impala	South	973	-21.6	16.6	-21.6	16.6		dry skin	94-04-21			0.000778	Male	lo		0.001964985813	/davidData/genis/impala/qc_mapping_collapse/goatRef/bam/973.bam	/davidData/genis/impala/qc_mapping_collapse/impalaRef/bam/973.bam
Aepyceros	melampus	melampus	Impala	Namibia	Namibia	Ovita Ranch	Ovita	Ovita	Ovita	Southern common impala	South	974	-21.6	16.6	-21.6	16.6		dry skin	94-04-21			0.000752	Male	lo		0.001886513602	/davidData/genis/impala/qc_mapping_collapse/goatRef/bam/974.bam	/davidData/genis/impala/qc_mapping_collapse/impalaRef/bam/974.bam
Aepyceros	melampus	melampus	Impala	Tanzania	Tanzania	Selous	Selous	Selous	Selous	Selous common impala	East_southern	3934	-9	37.4	-9	37.4		skin	95-09-??			0.000882	Male	hi		0.001633196186	/davidData/genis/impala/qc_mapping_collapse/goatRef/bam/3934.bam	/davidData/genis/impala/qc_mapping_collapse/impalaRef/bam/3934.bam
Aepyceros	melampus	melampus	Impala	Tanzania	Tanzania	Selous	Selous	Selous	None	Selous common impala	East_southern	8514	-9	37.4	-9	37.4	Duplicate (with 8518)		97-09-04			0.001025	Male	lo	Potential duplicate (with 8518)	0.001668217944	/davidData/genis/impala/qc_mapping_collapse/goatRef/bam/8514.bam	/davidData/genis/impala/qc_mapping_collapse/impalaRef/bam/8514.bam
Aepyceros	melampus	melampus	Impala	Tanzania	Tanzania	Selous	Selous	Selous	Selous	Selous common impala	East_southern	8515	-9	37.4	-9	37.4			97-10-09			0.000815	Male	lo		0.002121484115	/davidData/genis/impala/qc_mapping_collapse/goatRef/bam/8515.bam	/davidData/genis/impala/qc_mapping_collapse/impalaRef/bam/8515.bam
Aepyceros	melampus	melampus	Impala	Tanzania	Tanzania	Selous	Selous	Selous	Selous	Selous common impala	East_southern	8516	-9	37.4	-9	37.4			97-10-16			0.001169	Male	lo		0.001758069963	/davidData/genis/impala/qc_mapping_collapse/goatRef/bam/8516.bam	/davidData/genis/impala/qc_mapping_collapse/impalaRef/bam/8516.bam
Aepyceros	melampus	melampus	Impala	Tanzania	Tanzania	Selous	Selous	Selous	Selous	Selous common impala	East_southern	8517	-9	37.4	-9	37.4			97-10-06			0.001012	Male	lo		0.002069129564	/davidData/genis/impala/qc_mapping_collapse/goatRef/bam/8517.bam	/davidData/genis/impala/qc_mapping_collapse/impalaRef/bam/8517.bam
Aepyceros	melampus	melampus	Impala	Tanzania	Tanzania	Selous	Selous	Selous	Selous	Selous common impala	East_southern	8518	-9	37.4	-9	37.4			97-09-04			0.000985	Male	lo	Potential duplicate (with 8514)	0.00155968943	/davidData/genis/impala/qc_mapping_collapse/goatRef/bam/8518.bam	/davidData/genis/impala/qc_mapping_collapse/impalaRef/bam/8518.bam
Aepyceros	melampus	melampus	Impala	Tanzania	Tanzania	Selous	Selous	Selous	Selous	Selous common impala	East_southern	8519	-9	37.4	-9	37.4			97-10-16			0.001049	Male	lo		0.001557548318	/davidData/genis/impala/qc_mapping_collapse/goatRef/bam/8519.bam	/davidData/genis/impala/qc_mapping_collapse/impalaRef/bam/8519.bam
Aepyceros	melampus	melampus	Impala	Tanzania	Kenya	Selous LA1	Selous	Masai Mara	None	Eastern common impala	East	8716	-1.4	34.9	-1.4	34.9			98-10-20			0.000906	Male	lo		0.001426872545	/davidData/genis/impala/qc_mapping_collapse/goatRef/bam/8716.bam	/davidData/genis/impala/qc_mapping_collapse/impalaRef/bam/8716.bam
Aepyceros	melampus	melampus	Impala	Tanzania	Tanzania	Selous LA1	Selous	Selous	Selous	Selous common impala	East_southern	8719	-9	37.4	-9	37.4			98-10-26			0.000874	Male	lo		0.001529323984	/davidData/genis/impala/qc_mapping_collapse/goatRef/bam/8719.bam	/davidData/genis/impala/qc_mapping_collapse/impalaRef/bam/8719.bam
Aepyceros	melampus	melampus	Impala	Tanzania	Kenya	Ugalla	Ugalla	Masai Mara	None	Eastern common impala	East	4009	-1.4	34.9	-1.4	34.9		skin	96-08-29			0.000772	Male	lo		0.001345264564	/davidData/genis/impala/qc_mapping_collapse/goatRef/bam/4009.bam	/davidData/genis/impala/qc_mapping_collapse/impalaRef/bam/4009.bam
Aepyceros	melampus	melampus	Impala	Tanzania	Tanzania	Ugalla	Ugalla	Ugalla	Ugalla	Eastern common impala	East	5201	-5.7	32	-5.7	32		skin	96-08-25			0.000831	Male	lo		0.001600966819	/davidData/genis/impala/qc_mapping_collapse/goatRef/bam/5201.bam	/davidData/genis/impala/qc_mapping_collapse/impalaRef/bam/5201.bam
Aepyceros	melampus	melampus	Impala	Tanzania	Tanzania	Ugalla	Ugalla	Ugalla	Ugalla	Eastern common impala	East	5454	-5.7	32	-5.7	32		skin	97-07-29			0.000849	Male	hi		0.001651558339	/davidData/genis/impala/qc_mapping_collapse/goatRef/bam/5454.bam	/davidData/genis/impala/qc_mapping_collapse/impalaRef/bam/5454.bam
Aepyceros	melampus	melampus	Impala	Tanzania	Tanzania	Ugalla	Ugalla	Ugalla	Ugalla	Eastern common impala	East	5455	-5.7	32	-5.7	32		skin	97-07-05			0.000782	Male	lo		0.001514256545	/davidData/genis/impala/qc_mapping_collapse/goatRef/bam/5455.bam	/davidData/genis/impala/qc_mapping_collapse/impalaRef/bam/5455.bam
Aepyceros	melampus	melampus	Impala	Tanzania	Tanzania	Ugalla	Ugalla	Ugalla	Ugalla	Eastern common impala	East	5456	-5.7	32	-5.7	32		skin	97-08-21			0.000769	Male	lo		0.001572114314	/davidData/genis/impala/qc_mapping_collapse/goatRef/bam/5456.bam	/davidData/genis/impala/qc_mapping_collapse/impalaRef/bam/5456.bam
Aepyceros	melampus	melampus	Impala	Tanzania	Tanzania	Ugalla	Ugalla	Ugalla	Ugalla	Eastern common impala	East	5457	-5.7	32	-5.7	32		skin	97-07-07			0.000753	Male	lo		0.001587563887	/davidData/genis/impala/qc_mapping_collapse/goatRef/bam/5457.bam	/davidData/genis/impala/qc_mapping_collapse/impalaRef/bam/5457.bam
Aepyceros	melampus	melampus	Impala	Tanzania	Tanzania	Ugalla	Ugalla	Ugalla	Ugalla	Eastern common impala	East	5458	-5.7	32	-5.7	32		skin	97-07-25			0.000811	Male	lo		0.001541954193	/davidData/genis/impala/qc_mapping_collapse/goatRef/bam/5458.bam	/davidData/genis/impala/qc_mapping_collapse/impalaRef/bam/5458.bam
Aepyceros	melampus	melampus	Impala	Tanzania	Tanzania	Ugalla	Ugalla	Ugalla	Ugalla	Eastern common impala	East	5459	-5.7	32	-5.7	32		skin	97-08-24			0.000813	Male	lo		0.001478543344	/davidData/genis/impala/qc_mapping_collapse/goatRef/bam/5459.bam	/davidData/genis/impala/qc_mapping_collapse/impalaRef/bam/5459.bam
Aepyceros	melampus	melampus	Impala	Tanzania	Tanzania	Ugalla	Ugalla	Ugalla	Ugalla	Eastern common impala	East	8485	-5.7	32	-5.7	32			97-09-16			0.001043	Male	lo		0.001785314955	/davidData/genis/impala/qc_mapping_collapse/goatRef/bam/8485.bam	/davidData/genis/impala/qc_mapping_collapse/impalaRef/bam/8485.bam
Aepyceros	melampus	melampus	Impala	Tanzania	Tanzania	Ugalla	Ugalla	Ugalla	Ugalla	Eastern common impala	East	8504	-5.7	32	-5.7	32			97-11-01			0.001077	Male	lo		0.001826627351	/davidData/genis/impala/qc_mapping_collapse/goatRef/bam/8504.bam	/davidData/genis/impala/qc_mapping_collapse/impalaRef/bam/8504.bam
Aepyceros	melampus	melampus	Impala	Tanzania	Tanzania	Ugalla	Ugalla	Ugalla	Ugalla	Eastern common impala	East	8505	-5.7	32	-5.7	32			97-08-09			0.000813	Male	lo		0.00160946828	/davidData/genis/impala/qc_mapping_collapse/goatRef/bam/8505.bam	/davidData/genis/impala/qc_mapping_collapse/impalaRef/bam/8505.bam
Aepyceros	melampus	melampus	Impala	Tanzania	Tanzania	Ugalla	Ugalla	Ugalla	Ugalla	Eastern common impala	East	8708	-5.7	32	-5.7	32			98-08-05			0.001088	Male	lo		0.001645535677	/davidData/genis/impala/qc_mapping_collapse/goatRef/bam/8708.bam	/davidData/genis/impala/qc_mapping_collapse/impalaRef/bam/8708.bam
Aepyceros	melampus	melampus	Impala	Tanzania	Tanzania	Ugalla	Ugalla	Ugalla	Ugalla	Eastern common impala	East	8713	-5.7	32	-5.7	32			98-08-06			0.001095	Male	lo		0.001700093105	/davidData/genis/impala/qc_mapping_collapse/goatRef/bam/8713.bam	/davidData/genis/impala/qc_mapping_collapse/impalaRef/bam/8713.bam
Aepyceros	melampus	melampus	Impala	Tanzania	Tanzania	Ugalla	Ugalla	Ugalla	Ugalla	Eastern common impala	East	8715	-5.7	32	-5.7	32			-			0.000797	Male	lo		0.001578447767	/davidData/genis/impala/qc_mapping_collapse/goatRef/bam/8715.bam	/davidData/genis/impala/qc_mapping_collapse/impalaRef/bam/8715.bam
Aepyceros	melampus	melampus	Impala	Tanzania	Tanzania	Ugalla	Ugalla	Ugalla	Ugalla	Eastern common impala	East	8720	-5.7	32	-5.7	32			98-07-14			0.000944	Male	lo		0.00169458718	/davidData/genis/impala/qc_mapping_collapse/goatRef/bam/8720.bam	/davidData/genis/impala/qc_mapping_collapse/impalaRef/bam/8720.bam
Aepyceros	melampus	melampus	Impala	Uganda	Uganda	Lake Mburu	LMNP	Lake Mburo	None	Eastern common impala	East	2145	-0.6	31	-0.6	31	High_errors_low_mapped	kill	95-06-18			0.045935	NA	lo		0.01469239146	/davidData/genis/impala/qc_mapping_collapse/goatRef/bam/2145.bam	/davidData/genis/impala/qc_mapping_collapse/impalaRef/bam/2145.bam
Aepyceros	melampus	melampus	Impala	Uganda	Uganda	LMNP (Interpret. Centr.)	LMNP	Lake Mburo	Lake Mburu	Eastern common impala	East	4661	-0.6	31	-0.6	31		skin	96-03-31			0.000755	Male	lo		0.00107621913	/davidData/genis/impala/qc_mapping_collapse/goatRef/bam/4661.bam	/davidData/genis/impala/qc_mapping_collapse/impalaRef/bam/4661.bam
Aepyceros	melampus	melampus	Impala	Uganda	Uganda	LMNP (Kazuma)	LMNP	Lake Mburo	Lake Mburu	Eastern common impala	East	4658	-0.6	31	-0.6	31		skin	96-07-20			0.000855	Male	hi		0.001162365476	/davidData/genis/impala/qc_mapping_collapse/goatRef/bam/4658.bam	/davidData/genis/impala/qc_mapping_collapse/impalaRef/bam/4658.bam
Aepyceros	melampus	melampus	Impala	Uganda	Uganda	LMNP (Kigambira L.)	LMNP	Lake Mburo	Lake Mburu	Eastern common impala	East	4649	-0.6	31	-0.6	31		skin	96-05-22			0.000823	Male	lo	potential duplicate (with 4653)	0.001104591883	/davidData/genis/impala/qc_mapping_collapse/goatRef/bam/4649.bam	/davidData/genis/impala/qc_mapping_collapse/impalaRef/bam/4649.bam
Aepyceros	melampus	melampus	Impala	Uganda	Uganda	LMNP (Kigambira L.)	LMNP	Lake Mburo	None	Eastern common impala	East	4653	-0.6	31	-0.6	31	Duplicate (with 4649)	skin	96-05-22			0.000929	Male	lo	potential duplicate (with 4649)	0.001151777758	/davidData/genis/impala/qc_mapping_collapse/goatRef/bam/4653.bam	/davidData/genis/impala/qc_mapping_collapse/impalaRef/bam/4653.bam
Aepyceros	melampus	melampus	Impala	Uganda	Uganda	LMNP (Kigambira Loop)	LMNP	Lake Mburo	Lake Mburu	Eastern common impala	East	4660	-0.6	31	-0.6	31		skin	96-02-18			0.0008	Male	lo		0.001069066039	/davidData/genis/impala/qc_mapping_collapse/goatRef/bam/4660.bam	/davidData/genis/impala/qc_mapping_collapse/impalaRef/bam/4660.bam
Aepyceros	melampus	melampus	Impala	Uganda	Uganda	LMNP (Rwonyo)	LMNP	Lake Mburo	Lake Mburu	Eastern common impala	East	4659	-0.6	31	-0.6	31		skin	96-06-15			0.000911	Female	lo		0.001208306115	/davidData/genis/impala/qc_mapping_collapse/goatRef/bam/4659.bam	/davidData/genis/impala/qc_mapping_collapse/impalaRef/bam/4659.bam
Aepyceros	melampus	melampus	Impala	Uganda	Uganda	LMNP (Sanga Gate)	LMNP	Lake Mburo	Lake Mburu	Eastern common impala	East	4648	-0.6	31	-0.6	31		skin	96-01-20			0.000901	Male	lo		0.001128300182	/davidData/genis/impala/qc_mapping_collapse/goatRef/bam/4648.bam	/davidData/genis/impala/qc_mapping_collapse/impalaRef/bam/4648.bam
Aepyceros	melampus	melampus	Impala	Uganda	Uganda	LMNP (Sanga Gate)	LMNP	Lake Mburo	Lake Mburu	Eastern common impala	East	4650	-0.6	31	-0.6	31		skin	95-06-03			0.000913	Male	lo		0.001121174767	/davidData/genis/impala/qc_mapping_collapse/goatRef/bam/4650.bam	/davidData/genis/impala/qc_mapping_collapse/impalaRef/bam/4650.bam
Aepyceros	melampus	melampus	Impala	Zambia	Zambia	Kafue N.P. (Nkala/bilili)	Kafue	Kafue	Kafue	Southern common impala	South	4558	-15.7	25.7	-15.9	25.9		skin	95-08-11			0.000833	Male	hi		0.001930048925	/davidData/genis/impala/qc_mapping_collapse/goatRef/bam/4558.bam	/davidData/genis/impala/qc_mapping_collapse/impalaRef/bam/4558.bam
Aepyceros	melampus	melampus	Impala	Zambia	Zambia	Kafue S.	Kafue	Kafue	Kafue	Southern common impala	South	2450	-15.7	25.7	-15.9	25.9		dried skin	95-07-10			0.000892	Male	lo		0.001994942353	/davidData/genis/impala/qc_mapping_collapse/goatRef/bam/2450.bam	/davidData/genis/impala/qc_mapping_collapse/impalaRef/bam/2450.bam
Aepyceros	melampus	melampus	Impala	Zambia	Zambia	Kafue S.	Kafue	Kafue	Kafue	Southern common impala	South	2462	-15.7	25.7	-15.9	25.9		dried skin	95-07-10			0.000837	Male	lo		0.001951705741	/davidData/genis/impala/qc_mapping_collapse/goatRef/bam/2462.bam	/davidData/genis/impala/qc_mapping_collapse/impalaRef/bam/2462.bam
Aepyceros	melampus	melampus	Impala	Zambia	Zambia	Luangwa N.	Luangwa	Luangwa	Luangwa	Southern common impala	South	2558	-11.9	32.1	-12.1	32.1		dried skin	95-08-08			0.000754	Male	lo		0.001864292009	/davidData/genis/impala/qc_mapping_collapse/goatRef/bam/2558.bam	/davidData/genis/impala/qc_mapping_collapse/impalaRef/bam/2558.bam
Aepyceros	melampus	melampus	Impala	Zambia	Zambia	Luangwa N.P. (Lower Lupande)	Luangwa	Luangwa	Luangwa	Southern common impala	South	4555	-11.9	32.1	-13.6	31.8		skin				0.000828	Male	hi		0.001806962623	/davidData/genis/impala/qc_mapping_collapse/goatRef/bam/4555.bam	/davidData/genis/impala/qc_mapping_collapse/impalaRef/bam/4555.bam
Aepyceros	melampus	melampus	Impala	Zambia	Zambia	Luangwa N.P. (Lower Lupande)	Luangwa	Luangwa	Luangwa	Southern common impala	South	4556	-11.9	32.1	-13.6	31.8		skin				0.000844	Male	lo		0.001885674608	/davidData/genis/impala/qc_mapping_collapse/goatRef/bam/4556.bam	/davidData/genis/impala/qc_mapping_collapse/impalaRef/bam/4556.bam
Aepyceros	melampus	melampus	Impala	Zimbabwe	Zimbabwe	Mana Pools N.P.	Mana Pools	Mana Pools	Mana Pools	Southern common impala	South	1617	-15.9	29.5	-15.9	29.5		earnick	94-08-??			0.000773	Female	lo		0.001887077266	/davidData/genis/impala/qc_mapping_collapse/goatRef/bam/1617.bam	/davidData/genis/impala/qc_mapping_collapse/impalaRef/bam/1617.bam
Aepyceros	melampus	melampus	Impala	Zimbabwe	Zimbabwe	Mana Pools N.P.	Mana Pools	Mana Pools	Mana Pools	Southern common impala	South	1618	-15.9	29.5	-16.1	29.5		earnick	94-08-??			0.000832	Female	lo		0.001892975004	/davidData/genis/impala/qc_mapping_collapse/goatRef/bam/1618.bam	/davidData/genis/impala/qc_mapping_collapse/impalaRef/bam/1618.bam
Aepyceros	melampus	melampus	Impala	Zimbabwe	Zimbabwe	Mana Pools N.P.	Mana Pools	Mana Pools	Mana Pools	Southern common impala	South	1619	-15.9	29.5	-16.1	29.5		earnick	94-08-??			0.000749	Female	lo		0.001884084492	/davidData/genis/impala/qc_mapping_collapse/goatRef/bam/1619.bam	/davidData/genis/impala/qc_mapping_collapse/impalaRef/bam/1619.bam
Aepyceros	melampus	melampus	Impala	Zimbabwe	Zimbabwe	Mana Pools N.P.	Mana Pools	Mana Pools	Mana Pools	Southern common impala	South	1620	-15.9	29.5	-16.1	29.5		earnick	94-08-??			0.0008	Female	lo		0.001919088239	/davidData/genis/impala/qc_mapping_collapse/goatRef/bam/1620.bam	/davidData/genis/impala/qc_mapping_collapse/impalaRef/bam/1620.bam
Aepyceros	melampus	melampus	Impala	Zimbabwe	Zimbabwe	Mana Pools N.P.	Mana Pools	Mana Pools	Mana Pools	Southern common impala	South	1621	-15.9	29.5	-16.1	29.5		earnick	94-08-??			0.000815	Female	hi		0.001981442899	/davidData/genis/impala/qc_mapping_collapse/goatRef/bam/1621.bam	/davidData/genis/impala/qc_mapping_collapse/impalaRef/bam/1621.bam
Aepyceros	melampus	melampus	Impala	Zimbabwe	Zimbabwe	Shangani	Shangani	Shangani	Shangani	Southern common impala	South	1508	-18.8	28.3	-18.8	28.3		earnick	94-08-05			0.000829	Male	hi		0.002002980406	/davidData/genis/impala/qc_mapping_collapse/goatRef/bam/1508.bam	/davidData/genis/impala/qc_mapping_collapse/impalaRef/bam/1508.bam
Aepyceros	melampus	melampus	Impala	Zimbabwe	Zimbabwe	Shangani	Shangani	Shangani	Shangani	Southern common impala	South	1509	-18.8	28.3	-18.8	28.3		earnick	94-08-10			0.000766	Female	lo		0.002192211721	/davidData/genis/impala/qc_mapping_collapse/goatRef/bam/1509.bam	/davidData/genis/impala/qc_mapping_collapse/impalaRef/bam/1509.bam
Aepyceros	melampus	melampus	Impala	Zimbabwe	Zimbabwe	Shangani	Shangani	Shangani	Shangani	Southern common impala	South	1510	-18.8	28.3	-18.8	28.3		earnick	94-08-10			0.000732	Female	lo		0.001918367376	/davidData/genis/impala/qc_mapping_collapse/goatRef/bam/1510.bam	/davidData/genis/impala/qc_mapping_collapse/impalaRef/bam/1510.bam
Aepyceros	melampus	melampus	Impala	Zimbabwe	Zimbabwe	Shangani	Shangani	Shangani	Shangani	Southern common impala	South	1511	-18.8	28.3	-18.8	28.3		earnick	94-08-10			0.00083	Male	lo		0.002518743964	/davidData/genis/impala/qc_mapping_collapse/goatRef/bam/1511.bam	/davidData/genis/impala/qc_mapping_collapse/impalaRef/bam/1511.bam
Aepyceros	melampus	melampus	Impala	Zimbabwe	Zimbabwe	Shangani	Shangani	Shangani	Shangani	Southern common impala	South	1514	-18.8	28.3	-18.8	28.3		earnick	94-08-10			0.000885	Male	lo		0.002631407635	/davidData/genis/impala/qc_mapping_collapse/goatRef/bam/1514.bam	/davidData/genis/impala/qc_mapping_collapse/impalaRef/bam/1514.bam
Aepyceros	melampus	melampus	Impala	Zimbabwe	Zimbabwe	Shangani	Shangani	Shangani	Shangani	Southern common impala	South	1515	-18.8	28.3	-18.8	28.3		earnick	94-08-10			0.000836	Male	lo		0.002491263408	/davidData/genis/impala/qc_mapping_collapse/goatRef/bam/1515.bam	/davidData/genis/impala/qc_mapping_collapse/impalaRef/bam/1515.bam
Aepyceros	melampus	melampus	Impala	Zimbabwe	Zimbabwe	Shangani	Shangani	Shangani	Shangani	Southern common impala	South	1516	-18.8	28.3	-18.8	28.3		earnick	94-08-10			0.000872	Male	lo		0.002515086758	/davidData/genis/impala/qc_mapping_collapse/goatRef/bam/1516.bam	/davidData/genis/impala/qc_mapping_collapse/impalaRef/bam/1516.bam
Aepyceros	melampus	melampus	Impala	Zimbabwe	Zimbabwe	Shangani	Shangani	Shangani	Shangani	Southern common impala	South	1517	-18.8	28.3	-18.8	28.3		earnick	94-08-10			0.000988	Female	lo		0.002701780687	/davidData/genis/impala/qc_mapping_collapse/goatRef/bam/1517.bam	/davidData/genis/impala/qc_mapping_collapse/impalaRef/bam/1517.bam